{
  "D0" : 
    {
      "mass" : 1.8645,
      "ctau" : 1.0
    },
  "K" : 
    {
      "mass" : 0.49368,
      "ctau" : 1.0
    },
  "KS0" : 
    {
      "mass" : 0.49767,
      "ctau" : 1.0
    }
}